{"unseen subject entities percent": 88.40599999999999, "unseen predicate entities percent": 30.392000000000003, "unseen object entities percent": 84.536}